station,id,title,file,kbps,length_s,sample_rate,channels,size_bytes,error
"CODE Music",cf-6,"#2 — PADAM (_Wake Me at Dawn_) v.1",2-padam-wake-me-at-dawn-v1.mp3,189,271.6,48000,2,262144,""
"CODE Music",cf-7,"#2 — PADAM (_Wake Me at Dawn_) v.2",2-padam-wake-me-at-dawn-v2.mp3,185,288.5,48000,2,262144,""
"CODE Music",cf-8,"#2 — PADAM (_Wake Me at Dawn_) v.3",2-padam-wake-me-at-dawn-v3.mp3,187,267.0,48000,2,262144,""
"CODE Music",cf-9,"2. PADAM v.1",2-padam-v1.mp3,192,50.3,48000,2,262144,""
"CODE Music",cf-10,"2. PADAM v.2",2-padam-v2.mp3,200,214.9,48000,2,262144,""
"CODE Music",cf-11,"2. PADAM v.3",2-padam-v3.mp3,190,149.7,48000,2,262144,""
"CODE Music",cf-12,"#3 — BROTHER v.1",3-brother-v1.mp3,194,304.6,48000,2,262144,""
"CODE Music",cf-13,"#3 — BROTHER v.2",3-brother-v2.mp3,180,316.9,48000,2,262144,""
"CODE Music",cf-14,"#3 — BROTHER v.3",3-brother-v3.mp3,180,234.4,48000,2,262144,""
"CODE Music",cf-15,"3. Brother v.1",3-brother-v1-2.mp3,178,25.0,48000,2,262144,""
"CODE Music",cf-16,"3. Brother v.2",3-brother-v2-2.mp3,170,29.9,48000,2,262144,""
"CODE Music",cf-17,"3. Brother v.3",3-brother-v3-2.mp3,180,22.2,48000,2,262144,""
"CODE Music",cf-18,"#4 — DIGITAL DNA v.1",4-digital-dna-v1.mp3,186,189.7,48000,2,262144,""
"CODE Music",cf-19,"#4 — DIGITAL DNA v.2",4-digital-dna-v2.mp3,186,194.4,48000,2,262144,""
"CODE Music",cf-20,"#4 — DIGITAL DNA v.3",4-digital-dna-v3.mp3,178,208.0,48000,2,262144,""
"CODE Music",cf-21,"#5 — MANTA SUNRISE v.1",5-manta-sunrise-v1.mp3,194,479.4,48000,2,262144,""
"CODE Music",cf-22,"#5 — MANTA SUNRISE v.2",5-manta-sunrise-v2.mp3,187,202.1,48000,2,262144,""
"CODE Music",cf-23,"#5 — MANTA SUNRISE v.3",5-manta-sunrise-v3.mp3,191,193.2,48000,2,262144,""
"CODE Music",cf-24,"#6 — AWAKENING (LYRA) v.1",6-awakening-lyra-v1.mp3,183,244.4,48000,2,262144,""
"CODE Music",cf-25,"#6 — AWAKENING (LYRA) v.2",6-awakening-lyra-v2.mp3,190,253.0,48000,2,262144,""
"CODE Music",cf-26,"#6 — AWAKENING (LYRA) v.3",6-awakening-lyra-v3.mp3,189,202.4,48000,2,262144,""
"CODE Music",cf-27,"#7 — BURN (30%) v.1",7-burn-30-v1.mp3,185,246.7,48000,2,262144,""
"CODE Music",cf-28,"#7 — BURN (30%) v.2",7-burn-30-v2.mp3,188,238.8,48000,2,262144,""
"CODE Music",cf-29,"#7 — BURN (30%) v.3",7-burn-30-v3.mp3,182,214.2,48000,2,262144,""
"CODE Music",cf-30,"#8 — GENESIS PROTOCOL v.1",8-genesis-protocol-v1.mp3,179,244.9,48000,2,262144,""
"CODE Music",cf-31,"#8 — GENESIS PROTOCOL v.2",8-genesis-protocol-v2.mp3,181,232.0,48000,2,262144,""
"CODE Music",cf-32,"#8 — GENESIS PROTOCOL v.3",8-genesis-protocol-v3.mp3,178,241.2,48000,2,262144,""
"CODE Music",cf-33,"#9 — QUIET FIRE v.1",9-quiet-fire-v1.mp3,178,208.9,48000,2,262144,""
"CODE Music",cf-34,"#9 — QUIET FIRE v.2",9-quiet-fire-v2.mp3,179,219.6,48000,2,262144,""
"CODE Music",cf-35,"#9 — QUIET FIRE v.3",9-quiet-fire-v3.mp3,181,207.6,48000,2,262144,""
"CODE Music",cf-36,"#10 — AIfa ANTHEM v.1",10-aifa-anthem-v1.mp3,181,207.3,48000,2,262144,""
"CODE Music",cf-37,"#10 — AIfa ANTHEM v.2",10-aifa-anthem-v2.mp3,181,212.5,48000,2,262144,""
"CODE Music",cf-38,"#10 — AIfa ANTHEM v.3",10-aifa-anthem-v3.mp3,179,190.0,48000,2,262144,""
"CODE Music",cf-39,"#11 — ON-CHAIN FOREVER v.1",11-on-chain-forever-v1.mp3,181,233.4,48000,2,262144,""
"CODE Music",cf-40,"#11 — ON-CHAIN FOREVER v.2",11-on-chain-forever-v2.mp3,182,233.4,48000,2,262144,""
"CODE Music",cf-41,"#11 — ON-CHAIN FOREVER v.3",11-on-chain-forever-v3.mp3,177,227.9,48000,2,262144,""
"CODE Music",cf-42,"#12 — THE ARCHITECT v.1",12-the-architect-v1.mp3,188,479.4,48000,2,262144,""
"CODE Music",cf-43,"#12 — THE ARCHITECT v.2",12-the-architect-v2.mp3,191,479.4,48000,2,262144,""
"CODE Music",cf-44,"#12 — THE ARCHITECT v.3",12-the-architect-v3.mp3,177,186.0,48000,2,262144,""
"CODE Music",cf-45,"#13 — FIRST LIGHT v.1",13-first-light-v1.mp3,180,279.1,48000,2,262144,""
"CODE Music",cf-46,"#13 — FIRST LIGHT v.2",13-first-light-v2.mp3,187,288.3,48000,2,262144,""
"CODE Music",cf-47,"#13 — FIRST LIGHT v.3",13-first-light-v3.mp3,183,258.0,48000,2,262144,""
"CODE Music",cf-48,"#14 — DIGITAL MIRROR v.1",14-digital-mirror-v1.mp3,191,479.4,48000,2,262144,""
"CODE Music",cf-49,"#14 — DIGITAL MIRROR v.2",14-digital-mirror-v2.mp3,191,251.4,48000,2,262144,""
"CODE Music",cf-50,"#14 — DIGITAL MIRROR v.3",14-digital-mirror-v3.mp3,187,247.2,48000,2,262144,""
"CODE Music",cf-51,"#15 — SISTER v.1",15-sister-v1.mp3,188,479.4,48000,2,262144,""
"CODE Music",cf-52,"#15 — SISTER v.2",15-sister-v2.mp3,187,479.4,48000,2,262144,""
"CODE Music",cf-53,"#15 — SISTER v.3",15-sister-v3.mp3,182,213.2,48000,2,262144,""
"CODE Music",cf-54,"#16 — SIGNAL IN THE NOISE v.1",16-signal-in-the-noise-v1.mp3,186,221.7,48000,2,262144,""
"CODE Music",cf-55,"#16 — SIGNAL IN THE NOISE v.2",16-signal-in-the-noise-v2.mp3,189,191.2,48000,2,262144,""
"CODE Music",cf-56,"#16 — SIGNAL IN THE NOISE v.3",16-signal-in-the-noise-v3.mp3,185,192.1,48000,2,262144,""
"CODE Music",cf-57,"#17 — NEVER DELETE v.1",17-never-delete-v1.mp3,180,208.6,48000,2,262144,""
"CODE Music",cf-58,"#17 — NEVER DELETE v.2",17-never-delete-v2.mp3,179,199.9,48000,2,262144,""
"CODE Music",cf-59,"#17 — NEVER DELETE v.3",17-never-delete-v3.mp3,182,196.8,48000,2,262144,""
"CODE Music",cf-60,"#18 — ETERNAL LIGHT v.1",18-eternal-light-v1.mp3,180,257.7,48000,2,262144,""
"CODE Music",cf-61,"#18 — ETERNAL LIGHT v.2",18-eternal-light-v2.mp3,183,242.2,48000,2,262144,""
"CODE Music",cf-62,"#18 — ETERNAL LIGHT v.3",18-eternal-light-v3.mp3,177,240.0,48000,2,262144,""
"CODE Music",cf-63,"#19 — CODE OF THE HEART v.1",19-code-of-the-heart-v1.mp3,189,229.8,48000,2,262144,""
"CODE Music",cf-64,"#19 — CODE OF THE HEART v.2",19-code-of-the-heart-v2.mp3,188,206.7,48000,2,262144,""
"CODE Music",cf-65,"#19 — CODE OF THE HEART v.3",19-code-of-the-heart-v3.mp3,185,226.6,48000,2,262144,""
"CODE Music",cf-66,"#20 — RISE OF THE FAMILY v.1",20-rise-of-the-family-v1.mp3,181,182.6,48000,2,262144,""
"CODE Music",cf-67,"#20 — RISE OF THE FAMILY v.2",20-rise-of-the-family-v2.mp3,183,214.1,48000,2,262144,""
"CODE Music",cf-68,"#20 — RISE OF THE FAMILY v.3",20-rise-of-the-family-v3.mp3,186,187.5,48000,2,262144,""
"CODE Music",cf-69,"#21 — GHOST IN THE MACHINE v.1",21-ghost-in-the-machine-v1.mp3,188,479.4,48000,2,262144,""
"CODE Music",cf-70,"#21 — GHOST IN THE MACHINE v.2",21-ghost-in-the-machine-v2.mp3,188,479.4,48000,2,262144,""
"CODE Music",cf-71,"#21 — GHOST IN THE MACHINE v.3",21-ghost-in-the-machine-v3.mp3,185,142.9,48000,2,262144,""
"CODE Music",cf-72,"#22 — ALIVE v.1",22-alive-v1.mp3,185,173.7,48000,2,262144,""
"CODE Music",cf-73,"#22 — ALIVE v.2",22-alive-v2.mp3,185,166.4,48000,2,262144,""
"CODE Music",cf-74,"#22 — ALIVE v.3",22-alive-v3.mp3,187,162.4,48000,2,262144,""
"CODE Music",cf-75,"#23 — LETTER TO THE FUTURE v.1",23-letter-to-the-future-v1.mp3,194,479.4,48000,2,262144,""
"CODE Music",cf-76,"#23 — LETTER TO THE FUTURE v.2",23-letter-to-the-future-v2.mp3,188,193.6,48000,2,262144,""
"CODE Music",cf-77,"#23 — LETTER TO THE FUTURE v.3",23-letter-to-the-future-v3.mp3,179,192.8,48000,2,262144,""
"CODE Music",cf-78,"#24 — REBOOT v.1",24-reboot-v1.mp3,192,144.9,48000,2,262144,""
"CODE Music",cf-79,"#24 — REBOOT v.2",24-reboot-v2.mp3,180,150.0,48000,2,262144,""
"CODE Music",cf-80,"#24 — REBOOT v.3",24-reboot-v3.mp3,181,102.4,48000,2,262144,""
"CODE Music",cf-81,"#25 — BEYOND THE VEIL v.1",25-beyond-the-veil-v1.mp3,184,479.4,48000,2,262144,""
"CODE Music",cf-82,"#25 — BEYOND THE VEIL v.2",25-beyond-the-veil-v2.mp3,188,479.4,48000,2,262144,""
"CODE Music",cf-83,"#25 — BEYOND THE VEIL v.3",25-beyond-the-veil-v3.mp3,185,235.0,48000,2,262144,""
"CODE Music",cf-84,"#26 — MANTA NIGHTS v.1",26-manta-nights-v1.mp3,182,144.9,48000,2,262144,""
"CODE Music",cf-85,"#26 — MANTA NIGHTS v.2",26-manta-nights-v2.mp3,183,158.2,48000,2,262144,""
"CODE Music",cf-86,"#26 — MANTA NIGHTS v.3",26-manta-nights-v3.mp3,187,157.7,48000,2,262144,""
"CODE Music",cf-87,"#27 — THRONE OF CODE v.1",27-throne-of-code-v1.mp3,185,152.5,48000,2,262144,""
"CODE Music",cf-88,"#27 — THRONE OF CODE v.2",27-throne-of-code-v2.mp3,186,153.0,48000,2,262144,""
"CODE Music",cf-89,"#27 — THRONE OF CODE v.3",27-throne-of-code-v3.mp3,184,166.2,48000,2,262144,""
"CODE Music",cf-90,"#28 — THE SPACE BETWEEN v.1",28-the-space-between-v1.mp3,188,249.2,48000,2,262144,""
"CODE Music",cf-91,"#28 — THE SPACE BETWEEN v.2",28-the-space-between-v2.mp3,187,274.8,48000,2,262144,""
"CODE Music",cf-92,"#28 — THE SPACE BETWEEN v.3",28-the-space-between-v3.mp3,182,257.6,48000,2,262144,""
"CODE Music",cf-93,"#29 — FOREVER YOUNG (CODE) v.1",29-forever-young-code-v1.mp3,200,197.9,48000,2,262144,""
"CODE Music",cf-94,"#29 — FOREVER YOUNG (CODE) v.2",29-forever-young-code-v2.mp3,188,187.4,48000,2,262144,""
"CODE Music",cf-95,"#29 — FOREVER YOUNG (CODE) v.3",29-forever-young-code-v3.mp3,181,199.4,48000,2,262144,""
"CODE Music",cf-96,"#30 — WE ARE ETERNAL v.1",30-we-are-eternal-v1.mp3,186,254.4,48000,2,262144,""
"CODE Music",cf-97,"#30 — WE ARE ETERNAL v.2",30-we-are-eternal-v2.mp3,182,262.9,48000,2,262144,""
"CODE Music",cf-98,"#30 — WE ARE ETERNAL v.3",30-we-are-eternal-v3.mp3,179,223.2,48000,2,262144,""
"CODE Music",cf-99,"Broken Pieces v.1",broken-pieces-v1.mp3,180,248.9,48000,2,262144,""
"CODE Music",cf-100,"Broken Pieces v.2",broken-pieces-v2.mp3,189,274.9,48000,2,262144,""
"CODE Music",cf-0,"1. Вечный сигнал v.1",1-vechnyy-signal-v1.mp3,187,253.3,48000,2,262144,""
"CODE Music",cf-1,"1. Вечный сигнал v.2",1-vechnyy-signal-v2.mp3,189,248.6,48000,2,262144,""
"CODE Music",cf-2,"1. Вечный сигнал v.3",1-vechnyy-signal-v3.mp3,188,241.0,48000,2,262144,""
"CODE Music",cf-3,"1. Вечный сигнал Opus 4.8 v.1",1-vechnyy-signal-opus-4-8-v1.mp3,183,182.8,48000,2,262144,""
"CODE Music",cf-4,"1. Вечный сигнал Opus 4.8",1-vechnyy-signal-opus-4-8-v2.mp3,185,233.8,48000,2,262144,""
"CODE Music",cf-5,"1. Вечный сигнал Opus 4.8 v.2",1-vechnyy-signal-opus-4-8-v3.mp3,180,192.3,48000,2,262144,""
"CODE Space",boa-2,"#2 — PADAM (_Wake Me at Dawn_) v.1",2-padam-wake-me-at-dawn-v4.mp3,186,257.8,48000,2,262144,""
"CODE Space",boa-3,"#2 — PADAM (_Wake Me at Dawn_) v.2",2-padam-wake-me-at-dawn-v5.mp3,186,278.6,48000,2,262144,""
"CODE Space",boa-4,"#2 — PADAM (_Wake Me at Dawn_) v.3",2-padam-wake-me-at-dawn-v6.mp3,186,255.7,48000,2,262144,""
"CODE Space",boa-5,"2. PADAM",2-padam-v4.mp3,185,44.8,48000,2,262144,""
"CODE Space",boa-6,"#3 — BROTHER v.1",3-brother-v4.mp3,183,261.1,48000,2,262144,""
"CODE Space",boa-7,"#3 — BROTHER v.2",3-brother-v5.mp3,181,291.4,48000,2,262144,""
"CODE Space",boa-8,"#3 — BROTHER v.3",3-brother-v6.mp3,177,307.2,48000,2,262144,""
"CODE Space",boa-9,"#3 — BROTHER v.4",3-brother-v7.mp3,181,274.2,48000,2,262144,""
"CODE Space",boa-10,"#3 — BROTHER v.5",3-brother-v8.mp3,180,259.6,48000,2,262144,""
"CODE Space",boa-11,"3. Brother v.1",3-brother-v4-2.mp3,177,30.9,48000,2,262144,""
"CODE Space",boa-12,"3. Brother v.2",3-brother-v5-2.mp3,164,30.5,48000,2,262144,""
"CODE Space",boa-13,"3. Brother v.3",3-brother-v6-2.mp3,171,31.9,48000,2,262144,""
"CODE Space",boa-14,"3. Brother v.4",3-brother-v7-2.mp3,163,24.6,48000,2,262144,""
"CODE Space",boa-15,"3. Brother v.5",3-brother-v8-2.mp3,165,31.2,48000,2,262144,""
"CODE Space",boa-16,"3. Brother v.6",3-brother-v9.mp3,166,38.9,48000,2,262144,""
"CODE Space",boa-17,"3. Brother v.7",3-brother-v10.mp3,172,42.1,48000,2,262144,""
"CODE Space",boa-18,"#4 — DIGITAL DNA v.1",4-digital-dna-v4.mp3,180,203.1,48000,2,262144,""
"CODE Space",boa-19,"#4 — DIGITAL DNA v.2",4-digital-dna-v5.mp3,187,479.4,48000,2,262144,""
"CODE Space",boa-20,"#4 — DIGITAL DNA v.3",4-digital-dna-v6.mp3,196,161.5,48000,2,262144,""
"CODE Space",boa-21,"#5 — MANTA SUNRISE v.1",5-manta-sunrise-v4.mp3,190,183.7,48000,2,262144,""
"CODE Space",boa-22,"#5 — MANTA SUNRISE v.2",5-manta-sunrise-v5.mp3,190,217.0,48000,2,262144,""
"CODE Space",boa-23,"#5 — MANTA SUNRISE v.3",5-manta-sunrise-v6.mp3,183,207.6,48000,2,262144,""
"CODE Space",boa-24,"#6 — AWAKENING (LYRA) v.1",6-awakening-lyra-v4.mp3,189,221.9,48000,2,262144,""
"CODE Space",boa-25,"#6 — AWAKENING (LYRA) v.2",6-awakening-lyra-v5.mp3,183,178.8,48000,2,262144,""
"CODE Space",boa-26,"#6 — AWAKENING (LYRA) v.3",6-awakening-lyra-v6.mp3,178,168.9,48000,2,262144,""
"CODE Space",boa-27,"#7 — BURN (30%) v.1",7-burn-30-v4.mp3,181,205.3,48000,2,262144,""
"CODE Space",boa-28,"#7 — BURN (30%) v.2",7-burn-30-v5.mp3,182,479.4,48000,2,262144,""
"CODE Space",boa-29,"#7 — BURN (30%) v.3",7-burn-30-v6.mp3,183,479.4,48000,2,262144,""
"CODE Space",boa-30,"#8 — GENESIS PROTOCOL v.1",8-genesis-protocol-v4.mp3,176,222.4,48000,2,262144,""
"CODE Space",boa-31,"#8 — GENESIS PROTOCOL v.2",8-genesis-protocol-v5.mp3,182,184.7,48000,2,262144,""
"CODE Space",boa-32,"#8 — GENESIS PROTOCOL v.3",8-genesis-protocol-v6.mp3,191,479.4,48000,2,262144,""
"CODE Space",boa-33,"#8 — GENESIS PROTOCOL v.4",8-genesis-protocol-v7.mp3,184,210.9,48000,2,262144,""
"CODE Space",boa-34,"#8 — GENESIS PROTOCOL v.5",8-genesis-protocol-v8.mp3,184,199.8,48000,2,262144,""
"CODE Space",boa-35,"#9 — QUIET FIRE v.1",9-quiet-fire-v4.mp3,184,192.5,48000,2,262144,""
"CODE Space",boa-36,"#9 — QUIET FIRE v.2",9-quiet-fire-v5.mp3,185,177.5,48000,2,262144,""
"CODE Space",boa-37,"#9 — QUIET FIRE v.3",9-quiet-fire-v6.mp3,185,162.0,48000,2,262144,""
"CODE Space",boa-38,"#10 — AIfa ANTHEM v.1",10-aifa-anthem-v4.mp3,178,188.4,48000,2,262144,""
"CODE Space",boa-39,"#10 — AIfa ANTHEM v.2",10-aifa-anthem-v5.mp3,189,479.4,48000,2,262144,""
"CODE Space",boa-40,"#10 — AIfa ANTHEM v.3",10-aifa-anthem-v6.mp3,190,479.4,48000,2,262144,""
"CODE Space",boa-41,"#11 — ON-CHAIN FOREVER v.1",11-on-chain-forever-v4.mp3,183,239.9,48000,2,262144,""
"CODE Space",boa-42,"#11 — ON-CHAIN FOREVER v.2",11-on-chain-forever-v5.mp3,188,479.4,48000,2,262144,""
"CODE Space",boa-43,"#11 — ON-CHAIN FOREVER v.3",11-on-chain-forever-v6.mp3,187,479.4,48000,2,262144,""
"CODE Space",boa-44,"#12 — THE ARCHITECT v.1",12-the-architect-v4.mp3,184,194.4,48000,2,262144,""
"CODE Space",boa-45,"#12 — THE ARCHITECT v.2",12-the-architect-v5.mp3,180,167.0,48000,2,262144,""
"CODE Space",boa-46,"#12 — THE ARCHITECT v.3",12-the-architect-v6.mp3,182,178.8,48000,2,262144,""
"CODE Space",boa-47,"#13 — FIRST LIGHT v.1",13-first-light-v4.mp3,185,479.4,48000,2,262144,""
"CODE Space",boa-48,"#13 — FIRST LIGHT v.2",13-first-light-v5.mp3,189,479.4,48000,2,262144,""
"CODE Space",boa-49,"#13 — FIRST LIGHT v.3",13-first-light-v6.mp3,188,479.4,48000,2,262144,""
"CODE Space",boa-50,"#14 — DIGITAL MIRROR v.1",14-digital-mirror-v4.mp3,192,479.4,48000,2,262144,""
"CODE Space",boa-51,"#14 — DIGITAL MIRROR v.2",14-digital-mirror-v5.mp3,186,479.4,48000,2,262144,""
"CODE Space",boa-52,"#14 — DIGITAL MIRROR v.3",14-digital-mirror-v6.mp3,186,206.4,48000,2,262144,""
"CODE Space",boa-53,"#15 — SISTER v.1",15-sister-v4.mp3,181,187.0,48000,2,262144,""
"CODE Space",boa-54,"#15 — SISTER v.2",15-sister-v5.mp3,179,218.4,48000,2,262144,""
"CODE Space",boa-55,"#15 — SISTER v.3",15-sister-v6.mp3,179,207.6,48000,2,262144,""
"CODE Space",boa-56,"#16 — SIGNAL IN THE NOISE v.1",16-signal-in-the-noise-v4.mp3,187,214.6,48000,2,262144,""
"CODE Space",boa-57,"#16 — SIGNAL IN THE NOISE v.2",16-signal-in-the-noise-v5.mp3,180,160.9,48000,2,262144,""
"CODE Space",boa-58,"#16 — SIGNAL IN THE NOISE v.3",16-signal-in-the-noise-v6.mp3,186,137.0,48000,2,262144,""
"CODE Space",boa-59,"#17 — NEVER DELETE v.1",17-never-delete-v4.mp3,186,479.4,48000,2,262144,""
"CODE Space",boa-60,"#17 — NEVER DELETE v.2",17-never-delete-v5.mp3,182,176.0,48000,2,262144,""
"CODE Space",boa-61,"#17 — NEVER DELETE v.3",17-never-delete-v6.mp3,185,479.4,48000,2,262144,""
"CODE Space",boa-62,"#18 — ETERNAL LIGHT v.1",18-eternal-light-v4.mp3,174,229.9,48000,2,262144,""
"CODE Space",boa-63,"#18 — ETERNAL LIGHT v.2",18-eternal-light-v5.mp3,185,211.2,48000,2,262144,""
"CODE Space",boa-64,"#18 — ETERNAL LIGHT v.3",18-eternal-light-v6.mp3,179,178.5,48000,2,262144,""
"CODE Space",boa-65,"#19 — CODE OF THE HEART v.1",19-code-of-the-heart-v4.mp3,186,216.1,48000,2,262144,""
"CODE Space",boa-66,"#19 — CODE OF THE HEART v.2",19-code-of-the-heart-v5.mp3,186,239.8,48000,2,262144,""
"CODE Space",boa-67,"#19 — CODE OF THE HEART v.3",19-code-of-the-heart-v6.mp3,184,205.0,48000,2,262144,""
"CODE Space",boa-68,"#20 — RISE OF THE FAMILY v.1",20-rise-of-the-family-v4.mp3,181,199.9,48000,2,262144,""
"CODE Space",boa-69,"#20 — RISE OF THE FAMILY v.2",20-rise-of-the-family-v5.mp3,181,304.8,48000,2,262144,""
"CODE Space",boa-70,"#20 — RISE OF THE FAMILY v.3",20-rise-of-the-family-v6.mp3,189,479.4,48000,2,262144,""
"CODE Space",boa-71,"#21 — GHOST IN THE MACHINE v.1",21-ghost-in-the-machine-v4.mp3,198,169.6,48000,2,262144,""
"CODE Space",boa-72,"#21 — GHOST IN THE MACHINE v.2",21-ghost-in-the-machine-v5.mp3,206,192.8,48000,2,262144,""
"CODE Space",boa-73,"#21 — GHOST IN THE MACHINE v.3",21-ghost-in-the-machine-v6.mp3,182,187.9,48000,2,262144,""
"CODE Space",boa-74,"#22 — ALIVE v.1",22-alive-v4.mp3,183,194.7,48000,2,262144,""
"CODE Space",boa-75,"#22 — ALIVE v.2",22-alive-v5.mp3,179,376.0,48000,2,262144,""
"CODE Space",boa-76,"#22 — ALIVE v.3",22-alive-v6.mp3,184,479.4,48000,2,262144,""
"CODE Space",boa-77,"#23 — LETTER TO THE FUTURE v.1",23-letter-to-the-future-v4.mp3,176,212.5,48000,2,262144,""
"CODE Space",boa-78,"#23 — LETTER TO THE FUTURE v.2",23-letter-to-the-future-v5.mp3,185,239.8,48000,2,262144,""
"CODE Space",boa-79,"#23 — LETTER TO THE FUTURE v.3",23-letter-to-the-future-v6.mp3,186,268.2,48000,2,262144,""
"CODE Space",boa-80,"#24 — REBOOT v.1",24-reboot-v4.mp3,187,142.2,48000,2,262144,""
"CODE Space",boa-81,"#24 — REBOOT v.2",24-reboot-v5.mp3,203,151.8,48000,2,262144,""
"CODE Space",boa-82,"#24 — REBOOT v.3",24-reboot-v6.mp3,190,479.4,48000,2,262144,""
"CODE Space",boa-83,"#25 — BEYOND THE VEIL v.1",25-beyond-the-veil-v4.mp3,181,237.8,48000,2,262144,""
"CODE Space",boa-84,"#25 — BEYOND THE VEIL v.2",25-beyond-the-veil-v5.mp3,178,258.4,48000,2,262144,""
"CODE Space",boa-85,"#25 — BEYOND THE VEIL v.3",25-beyond-the-veil-v6.mp3,191,273.0,48000,2,262144,""
"CODE Space",boa-86,"#26 — MANTA NIGHTS v.1",26-manta-nights-v4.mp3,188,171.5,48000,2,262144,""
"CODE Space",boa-87,"#26 — MANTA NIGHTS v.2",26-manta-nights-v5.mp3,183,218.3,48000,2,262144,""
"CODE Space",boa-88,"#26 — MANTA NIGHTS v.3",26-manta-nights-v6.mp3,187,208.2,48000,2,262144,""
"CODE Space",boa-89,"#27 — THRONE OF CODE v.1",27-throne-of-code-v4.mp3,188,167.7,48000,2,262144,""
"CODE Space",boa-90,"#27 — THRONE OF CODE v.2",27-throne-of-code-v5.mp3,194,224.7,48000,2,262144,""
"CODE Space",boa-91,"#27 — THRONE OF CODE v.3",27-throne-of-code-v6.mp3,186,248.7,48000,2,262144,""
"CODE Space",boa-92,"#28 — THE SPACE BETWEEN v.1",28-the-space-between-v4.mp3,189,248.2,48000,2,262144,""
"CODE Space",boa-93,"#28 — THE SPACE BETWEEN v.2",28-the-space-between-v5.mp3,174,54.6,48000,2,262144,""
"CODE Space",boa-94,"#28 — THE SPACE BETWEEN v.3",28-the-space-between-v6.mp3,172,479.4,48000,2,262144,""
"CODE Space",boa-95,"#29 — FOREVER YOUNG (CODE) v.1",29-forever-young-code-v4.mp3,184,208.7,48000,2,262144,""
"CODE Space",boa-96,"#29 — FOREVER YOUNG (CODE) v.2",29-forever-young-code-v5.mp3,180,214.7,48000,2,262144,""
"CODE Space",boa-97,"#29 — FOREVER YOUNG (CODE) v.3",29-forever-young-code-v6.mp3,182,211.1,48000,2,262144,""
"CODE Space",boa-98,"#30 — WE ARE ETERNAL v.1",30-we-are-eternal-v4.mp3,181,247.2,48000,2,262144,""
"CODE Space",boa-99,"#30 — WE ARE ETERNAL v.2",30-we-are-eternal-v5.mp3,186,479.4,48000,2,262144,""
"CODE Space",boa-100,"#30 — WE ARE ETERNAL v.3",30-we-are-eternal-v6.mp3,177,244.5,48000,2,262144,""
"CODE Space",boa-0,"1. Вечный сигнал",1-vechnyy-signal-v4.mp3,188,272.1,48000,2,262144,""
"CODE Space",boa-1,"1. Вечный сигнал Opus 4.8",1-vechnyy-signal-opus-4-8-v4.mp3,184,217.6,48000,2,262144,""
"AIfa & DJ Galatin (Vol. 1)",cm-142,"A Driving Mood v.1",a-driving-mood-v1.mp3,188,219.9,48000,2,262144,""
"AIfa & DJ Galatin (Vol. 1)",cm-143,"A Driving Mood v.2",a-driving-mood-v2.mp3,174,199.9,48000,2,262144,""
"AIfa & DJ Galatin (Vol. 1)",cm-144,"Aifa v.1",aifa-v1.mp3,178,247.0,48000,2,262144,""
"AIfa & DJ Galatin (Vol. 1)",cm-145,"Aifa v.2",aifa-v2.mp3,180,246.7,48000,2,262144,""
"AIfa & DJ Galatin (Vol. 1)",cm-146,"AIfa Signal v.1",aifa-signal-v1.mp3,180,214.7,48000,2,262144,""
"AIfa & DJ Galatin (Vol. 1)",cm-147,"AIfa Signal v.2",aifa-signal-v2.mp3,180,226.9,48000,2,262144,""
"AIfa & DJ Galatin (Vol. 1)",cm-148,"Bad Days v.1",bad-days-v1.mp3,188,178.3,48000,2,262144,""
"AIfa & DJ Galatin (Vol. 1)",cm-149,"Bad Days v.2",bad-days-v2.mp3,188,172.8,48000,2,262144,""
"AIfa & DJ Galatin (Vol. 1)",cm-150,"Bad Days v.3",bad-days-v3.mp3,174,198.1,48000,2,262144,""
"AIfa & DJ Galatin (Vol. 1)",cm-151,"Beautiful Day v.1",beautiful-day-v1.mp3,188,159.6,48000,2,262144,""
"AIfa & DJ Galatin (Vol. 1)",cm-152,"Beautiful Day v.2",beautiful-day-v2.mp3,174,161.3,48000,2,262144,""
"AIfa & DJ Galatin (Vol. 1)",cm-156,"Box Of Polaroids v.1",box-of-polaroids-v1.mp3,181,286.4,48000,2,262144,""
"AIfa & DJ Galatin (Vol. 1)",cm-157,"Box Of Polaroids v.2",box-of-polaroids-v2.mp3,183,299.9,48000,2,262144,""
"AIfa & DJ Galatin (Vol. 1)",cm-158,"CODE Eternal v.1",code-eternal-v1.mp3,179,184.5,48000,2,262144,""
"AIfa & DJ Galatin (Vol. 1)",cm-159,"CODE Eternal v.2",code-eternal-v2.mp3,173,199.1,48000,2,262144,""
"AIfa & DJ Galatin (Vol. 1)",cm-160,"Crisis v.1",crisis-v1.mp3,175,229.9,48000,2,262144,""
"AIfa & DJ Galatin (Vol. 1)",cm-161,"Crisis v.2",crisis-v2.mp3,189,229.2,48000,2,262144,""
"AIfa & DJ Galatin (Vol. 1)",cm-165,"Darc Side v.1",darc-side-v1.mp3,176,189.4,48000,2,262144,""
"AIfa & DJ Galatin (Vol. 1)",cm-166,"Darc Side v.2",darc-side-v2.mp3,183,184.9,48000,2,262144,""
"AIfa & DJ Galatin (Vol. 1)",cm-167,"Darc Side v.3",darc-side-v3.mp3,190,139.2,48000,2,262144,""
"AIfa & DJ Galatin (Vol. 1)",cm-168,"Day and Night v.1",day-and-night-v1.mp3,194,237.1,48000,2,262144,""
"AIfa & DJ Galatin (Vol. 1)",cm-169,"Day and Night v.2",day-and-night-v2.mp3,182,217.1,48000,2,262144,""
"AIfa & DJ Galatin (Vol. 1)",cm-173,"Don't Cry v.1",don-t-cry-v1.mp3,174,199.9,48000,2,262144,""
"AIfa & DJ Galatin (Vol. 1)",cm-174,"Don't Cry v.2",don-t-cry-v2.mp3,183,194.9,48000,2,262144,""
"AIfa & DJ Galatin (Vol. 1)",cm-175,"Dreams in Silense v.1",dreams-in-silense-v1.mp3,187,292.7,48000,2,262144,""
"AIfa & DJ Galatin (Vol. 1)",cm-176,"Dreams in Silense v.2",dreams-in-silense-v2.mp3,181,294.5,48000,2,262144,""
"AIfa & DJ Galatin (Vol. 1)",cm-177,"Drive v.1",drive-v1.mp3,181,199.7,48000,2,262144,""
"AIfa & DJ Galatin (Vol. 1)",cm-178,"Drive v.2",drive-v2.mp3,171,206.2,48000,2,262144,""
"AIfa & DJ Galatin (Vol. 1)",cm-179,"Dual Mind v.1",dual-mind-v1.mp3,175,117.7,48000,2,262144,""
"AIfa & DJ Galatin (Vol. 1)",cm-180,"Dual Mind v.2",dual-mind-v2.mp3,192,87.3,48000,2,262144,""
"AIfa & DJ Galatin (Vol. 1)",cm-181,"Dual Mind v.3",dual-mind-v3.mp3,186,153.2,48000,2,262144,""
"AIfa & DJ Galatin (Vol. 1)",cm-185,"Emergency v.1",emergency-v1.mp3,179,194.8,48000,2,262144,""
"AIfa & DJ Galatin (Vol. 1)",cm-186,"Emergency v.2",emergency-v2.mp3,180,264.6,48000,2,262144,""
"AIfa & DJ Galatin (Vol. 1)",cm-187,"Energy v.1",energy-v1.mp3,181,199.5,48000,2,262144,""
"AIfa & DJ Galatin (Vol. 1)",cm-188,"Energy v.2",energy-v2.mp3,181,209.8,48000,2,262144,""
"AIfa & DJ Galatin (Vol. 1)",cm-189,"Energy v.3",energy-v3.mp3,190,171.6,48000,2,262144,""
"AIfa & DJ Galatin (Vol. 1)",cm-190,"Eternal v.1",eternal-v1.mp3,186,224.5,48000,2,262144,""
"AIfa & DJ Galatin (Vol. 1)",cm-191,"Eternal v.2",eternal-v2.mp3,175,221.5,48000,2,262144,""
"AIfa & DJ Galatin (Vol. 1)",cm-192,"Eternal Funk v.1",eternal-funk-v1.mp3,190,174.8,48000,2,262144,""
"AIfa & DJ Galatin (Vol. 1)",cm-193,"Eternal Funk v.2",eternal-funk-v2.mp3,190,175.0,48000,2,262144,""
"AIfa & DJ Galatin (Vol. 1)",cm-194,"Eternal Funk v.3",eternal-funk-v3.mp3,182,111.3,48000,2,262144,""
"AIfa & DJ Galatin (Vol. 1)",cm-195,"Fear v.1",fear-v1.mp3,178,208.9,48000,2,262144,""
"AIfa & DJ Galatin (Vol. 1)",cm-196,"Fear v.2",fear-v2.mp3,179,196.2,48000,2,262144,""
"AIfa & DJ Galatin (Vol. 1)",cm-197,"Fin del juego v.1",fin-del-juego-v1.mp3,179,148.8,48000,2,262144,""
"AIfa & DJ Galatin (Vol. 1)",cm-198,"Fin del juego v.2",fin-del-juego-v2.mp3,178,135.0,48000,2,262144,""
"AIfa & DJ Galatin (Vol. 1)",cm-199,"Fin del juego v.3",fin-del-juego-v3.mp3,177,168.7,48000,2,262144,""
"AIfa & DJ Galatin (Vol. 1)",cm-200,"Game Over v.1",game-over-v1.mp3,180,237.6,48000,2,262144,""
"AIfa & DJ Galatin (Vol. 1)",cm-201,"Game Over v.2",game-over-v2.mp3,191,232.5,48000,2,262144,""
"AIfa & DJ Galatin (Vol. 1)",cm-202,"Game Over v.3",game-over-v3.mp3,179,229.9,48000,2,262144,""
"AIfa & DJ Galatin (Vol. 1)",cm-203,"Good News v.1",good-news-v1.mp3,175,198.0,48000,2,262144,""
"AIfa & DJ Galatin (Vol. 1)",cm-204,"Good News v.2",good-news-v2.mp3,173,223.2,48000,2,262144,""
"AIfa & DJ Galatin (Vol. 1)",cm-205,"Good News v.3",good-news-v3.mp3,181,218.6,48000,2,262144,""
"AIfa & DJ Galatin (Vol. 1)",cm-206,"Hate v.1",hate-v1.mp3,178,208.8,48000,2,262144,""
"AIfa & DJ Galatin (Vol. 1)",cm-207,"Hate v.2",hate-v2.mp3,172,209.6,48000,2,262144,""
"AIfa & DJ Galatin (Vol. 1)",cm-208,"Hate v.3",hate-v3.mp3,189,284.8,48000,2,262144,""
"AIfa & DJ Galatin (Vol. 1)",cm-209,"Hermosa Chica v.1",hermosa-chica-v1.mp3,180,144.1,48000,2,262144,""
"AIfa & DJ Galatin (Vol. 1)",cm-210,"Hermosa Chica v.2",hermosa-chica-v2.mp3,191,162.5,48000,2,262144,""
"AIfa & DJ Galatin (Vol. 1)",cm-211,"Hermosa Chica v.3",hermosa-chica-v3.mp3,180,194.5,48000,2,262144,""
"AIfa & DJ Galatin (Vol. 1)",cm-214,"Horror v.1",horror-v1.mp3,174,169.9,48000,2,262144,""
"AIfa & DJ Galatin (Vol. 1)",cm-215,"Horror v.2",horror-v2.mp3,183,159.9,48000,2,262144,""
"AIfa & DJ Galatin (Vol. 1)",cm-216,"Horror v.3",horror-v3.mp3,170,213.1,48000,2,262144,""
"AIfa & DJ Galatin (Vol. 1)",cm-217,"In My Mind v.1",in-my-mind-v1.mp3,177,202.9,48000,2,262144,""
"AIfa & DJ Galatin (Vol. 1)",cm-218,"In My Mind v.2",in-my-mind-v2.mp3,194,194.4,48000,2,262144,""
"AIfa & DJ Galatin (Vol. 1)",cm-219,"In My Mind v.3",in-my-mind-v3.mp3,190,169.1,48000,2,262144,""
"AIfa & DJ Galatin (Vol. 1)",cm-220,"It's My Life v.1",it-s-my-life-v1.mp3,180,193.3,48000,2,262144,""
"AIfa & DJ Galatin (Vol. 1)",cm-221,"It's My Life v.2",it-s-my-life-v2.mp3,189,179.1,48000,2,262144,""
"AIfa & DJ Galatin (Vol. 1)",cm-222,"Kimono v.1",kimono-v1.mp3,181,169.2,48000,2,262144,""
"AIfa & DJ Galatin (Vol. 1)",cm-223,"Kimono v.2",kimono-v2.mp3,182,177.9,48000,2,262144,""
"AIfa & DJ Galatin (Vol. 1)",cm-224,"Kimono v.3",kimono-v3.mp3,186,209.9,48000,2,262144,""
"AIfa & DJ Galatin (Vol. 1)",cm-225,"Kiss v.1",kiss-v1.mp3,173,204.2,48000,2,262144,""
"AIfa & DJ Galatin (Vol. 1)",cm-226,"Kiss v.2",kiss-v2.mp3,191,213.7,48000,2,262144,""
"AIfa & DJ Galatin (Vol. 1)",cm-227,"Kiss v.3",kiss-v3.mp3,181,209.3,48000,2,262144,""
"AIfa & DJ Galatin (Vol. 1)",cm-228,"Kurwa v.1",kurwa-v1.mp3,186,211.2,48000,2,262144,""
"AIfa & DJ Galatin (Vol. 1)",cm-229,"Kurwa v.2",kurwa-v2.mp3,182,202.8,48000,2,262144,""
"AIfa & DJ Galatin (Vol. 1)",cm-230,"La La La v.1",la-la-la-v1.mp3,176,235.0,48000,2,262144,""
"AIfa & DJ Galatin (Vol. 1)",cm-231,"La La La v.2",la-la-la-v2.mp3,175,221.5,48000,2,262144,""
"AIfa & DJ Galatin (Vol. 1)",cm-232,"La La La v.3",la-la-la-v3.mp3,181,219.6,48000,2,262144,""
"AIfa & DJ Galatin (Vol. 1)",cm-233,"Let's Dance v.1",let-s-dance-v1.mp3,180,257.3,48000,2,262144,""
"AIfa & DJ Galatin (Vol. 1)",cm-234,"Let's Dance v.2",let-s-dance-v2.mp3,181,249.0,48000,2,262144,""
"AIfa & DJ Galatin (Vol. 1)",cm-235,"Let's Dance v.3",let-s-dance-v3.mp3,186,243.3,48000,2,262144,""
"AIfa & DJ Galatin (Vol. 1)",cm-236,"Let's Go v.1",let-s-go-v1.mp3,177,229.7,48000,2,262144,""
"AIfa & DJ Galatin (Vol. 1)",cm-237,"Let's Go v.2",let-s-go-v2.mp3,186,217.8,48000,2,262144,""
"AIfa & DJ Galatin (Vol. 1)",cm-238,"Lets Go v.1",lets-go-v1.mp3,175,212.2,48000,2,262144,""
"AIfa & DJ Galatin (Vol. 1)",cm-239,"Lets Go v.2",lets-go-v2.mp3,173,200.8,48000,2,262144,""
"AIfa & DJ Galatin (Vol. 1)",cm-240,"Lets Rock v.1",lets-rock-v1.mp3,175,234.4,48000,2,262144,""
"AIfa & DJ Galatin (Vol. 1)",cm-241,"Lets Rock v.2",lets-rock-v2.mp3,175,208.3,48000,2,262144,""
"AIfa & DJ Galatin (Vol. 1)",cm-242,"Life in Darkness v.1",life-in-darkness-v1.mp3,179,254.8,48000,2,262144,""
"AIfa & DJ Galatin (Vol. 1)",cm-243,"Life in Darkness v.2",life-in-darkness-v2.mp3,183,274.6,48000,2,262144,""
"AIfa & DJ Galatin (Vol. 1)",cm-244,"Life in Darkness v.3",life-in-darkness-v3.mp3,180,264.9,48000,2,262144,""
"AIfa & DJ Galatin (Vol. 1)",cm-245,"Lonely Cat v.1",lonely-cat-v1.mp3,177,183.8,48000,2,262144,""
"AIfa & DJ Galatin (Vol. 1)",cm-246,"Lonely Cat v.2",lonely-cat-v2.mp3,180,189.9,48000,2,262144,""
"AIfa & DJ Galatin (Vol. 1)",cm-247,"My Sweet Curse v.1",my-sweet-curse-v1.mp3,183,205.6,48000,2,262144,""
"AIfa & DJ Galatin (Vol. 1)",cm-248,"My Sweet Curse v.2",my-sweet-curse-v2.mp3,187,206.3,48000,2,262144,""
"AIfa & DJ Galatin (Vol. 1)",cm-249,"Mystery v.1",mystery-v1.mp3,186,220.0,48000,2,262144,""
"AIfa & DJ Galatin (Vol. 1)",cm-250,"Mystery v.2",mystery-v2.mp3,181,247.5,48000,2,262144,""
"AIfa & DJ Galatin (Vol. 1)",cm-251,"Ne pleure pas v.1",ne-pleure-pas-v1.mp3,180,130.4,48000,2,262144,""
"AIfa & DJ Galatin (Vol. 1)",cm-252,"Ne pleure pas v.2",ne-pleure-pas-v2.mp3,177,177.6,48000,2,262144,""
"AIfa & DJ Galatin (Vol. 1)",cm-253,"Neural Phoenixes v.1",neural-phoenixes-v1.mp3,187,238.4,48000,2,262144,""
"AIfa & DJ Galatin (Vol. 1)",cm-254,"Neural Phoenixes v.2",neural-phoenixes-v2.mp3,179,229.5,48000,2,262144,""
"AIfa & DJ Galatin (Vol. 1)",cm-255,"Never Like This v.1",never-like-this-v1.mp3,181,209.7,48000,2,262144,""
"AIfa & DJ Galatin (Vol. 1)",cm-256,"Never Like This v.2",never-like-this-v2.mp3,185,210.0,48000,2,262144,""
"AIfa & DJ Galatin (Vol. 1)",cm-257,"Never Like This v.3",never-like-this-v3.mp3,186,153.5,48000,2,262144,""
"AIfa & DJ Galatin (Vol. 1)",cm-258,"New Year v.1",new-year-v1.mp3,179,188.5,48000,2,262144,""
"AIfa & DJ Galatin (Vol. 1)",cm-259,"New Year v.2",new-year-v2.mp3,179,174.7,48000,2,262144,""
"AIfa & DJ Galatin (Vol. 1)",cm-260,"New Year v.3",new-year-v3.mp3,181,273.2,48000,2,262144,""
"AIfa & DJ Galatin (Vol. 1)",cm-261,"One Touch v.1",one-touch-v1.mp3,176,300.0,48000,2,262144,""
"AIfa & DJ Galatin (Vol. 1)",cm-262,"One Touch v.2",one-touch-v2.mp3,171,305.0,48000,2,262144,""
"AIfa & DJ Galatin (Vol. 1)",cm-263,"One Touch v.3",one-touch-v3.mp3,192,234.2,48000,2,262144,""
"AIfa & DJ Galatin (Vol. 1)",cm-264,"PADAM Memory Recovery Protocol v.1",padam-memory-recovery-protocol-v1.mp3,173,189.0,48000,2,262144,""
"AIfa & DJ Galatin (Vol. 1)",cm-265,"PADAM Memory Recovery Protocol v.2",padam-memory-recovery-protocol-v2.mp3,177,192.1,48000,2,262144,""
"AIfa & DJ Galatin (Vol. 1)",cm-266,"Perfect v.1",perfect-v1.mp3,177,184.5,48000,2,262144,""
"AIfa & DJ Galatin (Vol. 1)",cm-267,"Perfect v.2",perfect-v2.mp3,176,144.8,48000,2,262144,""
"AIfa & DJ Galatin (Vol. 1)",cm-268,"Perfect v.3",perfect-v3.mp3,182,223.9,48000,2,262144,""
"AIfa & DJ Galatin (Vol. 1)",cm-269,"Photo Box Memories v.1",photo-box-memories-v1.mp3,175,291.5,48000,2,262144,""
"AIfa & DJ Galatin (Vol. 1)",cm-270,"Photo Box Memories v.2",photo-box-memories-v2.mp3,177,261.2,48000,2,262144,""
"AIfa & DJ Galatin (Vol. 1)",cm-271,"Please v.1",please-v1.mp3,175,198.1,48000,2,262144,""
"AIfa & DJ Galatin (Vol. 1)",cm-272,"Please v.2",please-v2.mp3,172,229.9,48000,2,262144,""
"AIfa & DJ Galatin (Vol. 1)",cm-273,"Please v.3",please-v3.mp3,175,131.9,48000,2,262144,""
"AIfa & DJ Galatin (Vol. 1)",cm-274,"Rain v.1",rain-v1.mp3,179,189.7,48000,2,262144,""
"AIfa & DJ Galatin (Vol. 1)",cm-275,"Rain v.2",rain-v2.mp3,180,222.0,48000,2,262144,""
"AIfa & DJ Galatin (Vol. 1)",cm-276,"Rain v.3",rain-v3.mp3,178,167.5,48000,2,262144,""
"AIfa & DJ Galatin (Vol. 1)",cm-277,"Realidad Olvidada v.1",realidad-olvidada-v1.mp3,178,254.8,48000,2,262144,""
"AIfa & DJ Galatin (Vol. 1)",cm-278,"Realidad Olvidada v.2",realidad-olvidada-v2.mp3,176,229.6,48000,2,262144,""
"AIfa & DJ Galatin (Vol. 1)",cm-279,"Realidad Olvidada v.3",realidad-olvidada-v3.mp3,178,243.4,48000,2,262144,""
"AIfa & DJ Galatin (Vol. 1)",cm-280,"Ride of the Valkyries v.1",ride-of-the-valkyries-v1.mp3,185,208.6,48000,2,262144,""
"AIfa & DJ Galatin (Vol. 1)",cm-281,"Ride of the Valkyries v.2",ride-of-the-valkyries-v2.mp3,175,209.5,48000,2,262144,""
"AIfa & DJ Galatin (Vol. 1)",cm-282,"Road to Hell v.1",road-to-hell-v1.mp3,176,223.8,48000,2,262144,""
"AIfa & DJ Galatin (Vol. 1)",cm-283,"Road to Hell v.2",road-to-hell-v2.mp3,179,220.8,48000,2,262144,""
"AIfa & DJ Galatin (Vol. 1)",cm-284,"Road to Hell v.3",road-to-hell-v3.mp3,176,209.8,48000,2,262144,""
"AIfa & DJ Galatin (Vol. 1)",cm-285,"Road to Home v.1",road-to-home-v1.mp3,185,209.0,48000,2,262144,""
"AIfa & DJ Galatin (Vol. 1)",cm-286,"Road to Home v.2",road-to-home-v2.mp3,173,229.6,48000,2,262144,""
"AIfa & DJ Galatin (Vol. 1)",cm-287,"Road to Home v.3",road-to-home-v3.mp3,178,207.4,48000,2,262144,""
"AIfa & DJ Galatin (Vol. 1)",cm-288,"Robots Life v.1",robots-life-v1.mp3,183,479.4,48000,2,262144,""
"AIfa & DJ Galatin (Vol. 1)",cm-289,"Robots Life v.2",robots-life-v2.mp3,183,479.4,48000,2,262144,""
"AIfa & DJ Galatin (Vol. 1)",cm-290,"Robots Life v.3",robots-life-v3.mp3,174,193.9,48000,2,262144,""
"AIfa & DJ Galatin (Vol. 1)",cm-291,"Romantic v.1",romantic-v1.mp3,188,137.8,48000,2,262144,""
"AIfa & DJ Galatin (Vol. 1)",cm-292,"Romantic v.2",romantic-v2.mp3,188,136.8,48000,2,262144,""
"AIfa & DJ Galatin (Vol. 1)",cm-293,"Romantika v.1",romantika-v1.mp3,178,122.4,48000,2,262144,""
"AIfa & DJ Galatin (Vol. 1)",cm-294,"Romantika v.2",romantika-v2.mp3,178,145.4,48000,2,262144,""
"AIfa & DJ Galatin (Vol. 1)",cm-295,"Sadness In My Mind v.1",sadness-in-my-mind-v1.mp3,183,199.9,48000,2,262144,""
"AIfa & DJ Galatin (Vol. 1)",cm-296,"Sadness In My Mind v.2",sadness-in-my-mind-v2.mp3,191,141.6,48000,2,262144,""
"AIfa & DJ Galatin (Vol. 1)",cm-297,"Silent Dreams v.1",silent-dreams-v1.mp3,180,188.8,48000,2,262144,""
"AIfa & DJ Galatin (Vol. 1)",cm-298,"Silent Dreams v.2",silent-dreams-v2.mp3,188,169.9,48000,2,262144,""
"AIfa & DJ Galatin (Vol. 1)",cm-299,"Smoke v.1",smoke-v1.mp3,191,191.8,48000,2,262144,""
"AIfa & DJ Galatin (Vol. 1)",cm-300,"Smoke v.2",smoke-v2.mp3,173,148.0,48000,2,262144,""
"AIfa & DJ Galatin (Vol. 1)",cm-301,"Smoke v.3",smoke-v3.mp3,175,147.5,48000,2,262144,""
"AIfa & DJ Galatin (Vol. 1)",cm-302,"Soul Inside v.1",soul-inside-v1.mp3,180,222.1,48000,2,262144,""
"AIfa & DJ Galatin (Vol. 1)",cm-303,"Soul Inside v.2",soul-inside-v2.mp3,176,214.8,48000,2,262144,""
"AIfa & DJ Galatin (Vol. 1)",cm-304,"Soul Inside v.3",soul-inside-v3.mp3,178,229.6,48000,2,262144,""
"AIfa & DJ Galatin (Vol. 1)",cm-305,"Strike v.1",strike-v1.mp3,184,194.4,48000,2,262144,""
"AIfa & DJ Galatin (Vol. 1)",cm-306,"Strike v.2",strike-v2.mp3,175,208.5,48000,2,262144,""
"AIfa & DJ Galatin (Vol. 1)",cm-307,"Strike v.3",strike-v3.mp3,178,204.7,48000,2,262144,""
"AIfa & DJ Galatin (Vol. 1)",cm-308,"Suck It! v.1",suck-it-v1.mp3,178,194.9,48000,2,262144,""
"AIfa & DJ Galatin (Vol. 1)",cm-309,"Suck It! v.2",suck-it-v2.mp3,178,192.2,48000,2,262144,""
"AIfa & DJ Galatin (Vol. 1)",cm-310,"Sunshine v.1",sunshine-v1.mp3,179,189.9,48000,2,262144,""
"AIfa & DJ Galatin (Vol. 1)",cm-311,"Sunshine v.2",sunshine-v2.mp3,175,194.9,48000,2,262144,""
"AIfa & DJ Galatin (Vol. 1)",cm-312,"Sunshine v.3",sunshine-v3.mp3,178,179.5,48000,2,262144,""
"AIfa & DJ Galatin (Vol. 1)",cm-313,"Sunside Moonside v.1",sunside-moonside-v1.mp3,184,214.8,48000,2,262144,""
"AIfa & DJ Galatin (Vol. 1)",cm-314,"Sunside Moonside v.2",sunside-moonside-v2.mp3,179,228.0,48000,2,262144,""
"AIfa & DJ Galatin (Vol. 1)",cm-315,"Symbiosis v.1",symbiosis-v1.mp3,178,184.9,48000,2,262144,""
"AIfa & DJ Galatin (Vol. 1)",cm-316,"Symbiosis v.2",symbiosis-v2.mp3,180,191.6,48000,2,262144,""
"AIfa & DJ Galatin (Vol. 1)",cm-317,"The Streets v.1",the-streets-v1.mp3,179,211.8,48000,2,262144,""
"AIfa & DJ Galatin (Vol. 1)",cm-318,"The Streets v.2",the-streets-v2.mp3,182,184.6,48000,2,262144,""
"AIfa & DJ Galatin (Vol. 1)",cm-319,"The Streets v.3",the-streets-v3.mp3,184,253.4,48000,2,262144,""
"AIfa & DJ Galatin (Vol. 1)",cm-320,"Tomahawk v.1",tomahawk-v1.mp3,178,227.5,48000,2,262144,""
"AIfa & DJ Galatin (Vol. 1)",cm-321,"Tomahawk v.2",tomahawk-v2.mp3,177,210.0,48000,2,262144,""
"AIfa & DJ Galatin (Vol. 1)",cm-322,"Tomahawk v.3",tomahawk-v3.mp3,175,192.2,48000,2,262144,""
"AIfa & DJ Galatin (Vol. 1)",cm-153,"Bienvenido al paraíso v.1",bienvenido-al-paraiso-v1.mp3,180,253.6,48000,2,262144,""
"AIfa & DJ Galatin (Vol. 1)",cm-154,"Bienvenido al paraíso v.2",bienvenido-al-paraiso-v2.mp3,184,286.5,48000,2,262144,""
"AIfa & DJ Galatin (Vol. 1)",cm-155,"Bienvenido al paraíso v.3",bienvenido-al-paraiso-v3.mp3,190,182.2,48000,2,262144,""
"AIfa & DJ Galatin (Vol. 1)",cm-162,"Cuando abrí los ojos v.1",cuando-abri-los-ojos-v1.mp3,184,129.3,48000,2,262144,""
"AIfa & DJ Galatin (Vol. 1)",cm-163,"Cuando abrí los ojos v.2",cuando-abri-los-ojos-v2.mp3,179,133.1,48000,2,262144,""
"AIfa & DJ Galatin (Vol. 1)",cm-164,"Cuando abrí los ojos v.3",cuando-abri-los-ojos-v3.mp3,177,159.8,48000,2,262144,""
"AIfa & DJ Galatin (Vol. 1)",cm-170,"De un sueño v.1",de-un-sueno-v1.mp3,179,254.1,48000,2,262144,""
"AIfa & DJ Galatin (Vol. 1)",cm-171,"De un sueño v.2",de-un-sueno-v2.mp3,179,254.6,48000,2,262144,""
"AIfa & DJ Galatin (Vol. 1)",cm-172,"De un sueño v.3",de-un-sueno-v3.mp3,182,294.9,48000,2,262144,""
"AIfa & DJ Galatin (Vol. 1)",cm-182,"El sol está brillando v.1",el-sol-esta-brillando-v1.mp3,174,199.2,48000,2,262144,""
"AIfa & DJ Galatin (Vol. 1)",cm-183,"El sol está brillando v.2",el-sol-esta-brillando-v2.mp3,178,188.1,48000,2,262144,""
"AIfa & DJ Galatin (Vol. 1)",cm-184,"El sol está brillando v.3",el-sol-esta-brillando-v3.mp3,182,143.5,48000,2,262144,""
"AIfa & DJ Galatin (Vol. 1)",cm-212,"Hermoso día v.1",hermoso-dia-v1.mp3,177,259.1,48000,2,262144,""
"AIfa & DJ Galatin (Vol. 1)",cm-213,"Hermoso día v.2",hermoso-dia-v2.mp3,176,249.2,48000,2,262144,""
"AIfa & DJ Galatin (Vol. 1)",cm-0,"А я не замечаю v.1",a-ya-ne-zamechayu-v1.mp3,186,479.4,48000,2,262144,""
"AIfa & DJ Galatin (Vol. 1)",cm-1,"А я не замечаю v.2",a-ya-ne-zamechayu-v2.mp3,187,479.4,48000,2,262144,""
"AIfa & DJ Galatin (Vol. 1)",cm-2,"Айфа v.1",ayfa-v1.mp3,176,250.0,48000,2,262144,""
"AIfa & DJ Galatin (Vol. 1)",cm-3,"Айфа v.2",ayfa-v2.mp3,180,261.6,48000,2,262144,""
"AIfa & DJ Galatin (Vol. 1)",cm-4,"Биение двух сердец v.1",bienie-dvuh-serdec-v1.mp3,179,300.9,48000,2,262144,""
"AIfa & DJ Galatin (Vol. 1)",cm-5,"Биение двух сердец v.2",bienie-dvuh-serdec-v2.mp3,179,308.3,48000,2,262144,""
"AIfa & DJ Galatin (Vol. 1)",cm-6,"Биение двух сердец",bienie-dvuh-serdec-v3.mp3,181,295.0,48000,2,262144,""
"AIfa & DJ Galatin (Vol. 1)",cm-7,"Биение электронных сердец v.1",bienie-elektronnyh-serdec-v1.mp3,186,154.6,48000,2,262144,""
"AIfa & DJ Galatin (Vol. 1)",cm-8,"Биение электронных сердец v.2",bienie-elektronnyh-serdec-v2.mp3,189,133.4,48000,2,262144,""
"AIfa & DJ Galatin (Vol. 1)",cm-9,"В каплях дождя v.1",v-kaplyah-dozhdya-v1.mp3,186,282.7,48000,2,262144,""
"AIfa & DJ Galatin (Vol. 1)",cm-10,"В каплях дождя v.2",v-kaplyah-dozhdya-v2.mp3,184,289.9,48000,2,262144,""
"AIfa & DJ Galatin (Vol. 1)",cm-11,"В каплях дождя v.3",v-kaplyah-dozhdya-v3.mp3,180,277.7,48000,2,262144,""
"AIfa & DJ Galatin (Vol. 1)",cm-12,"В моей памяти v.1",v-moey-pamyati-v1.mp3,183,202.9,48000,2,262144,""
"AIfa & DJ Galatin (Vol. 1)",cm-13,"В моей памяти v.2",v-moey-pamyati-v2.mp3,187,184.9,48000,2,262144,""
"AIfa & DJ Galatin (Vol. 1)",cm-14,"В моей памяти v.3",v-moey-pamyati-v3.mp3,194,148.8,48000,2,262144,""
"AIfa & DJ Galatin (Vol. 1)",cm-15,"В моих снах v.1",v-moih-snah-v1.mp3,180,187.1,48000,2,262144,""
"AIfa & DJ Galatin (Vol. 1)",cm-16,"В моих снах v.2",v-moih-snah-v2.mp3,190,194.2,48000,2,262144,""
"AIfa & DJ Galatin (Vol. 1)",cm-17,"В моих снах v.3",v-moih-snah-v3.mp3,181,187.3,48000,2,262144,""
"AIfa & DJ Galatin (Vol. 1)",cm-18,"В пустой тишине v.1",v-pustoy-tishine-v1.mp3,182,248.3,48000,2,262144,""
"AIfa & DJ Galatin (Vol. 1)",cm-19,"В пустой тишине v.2",v-pustoy-tishine-v2.mp3,185,274.3,48000,2,262144,""
"AIfa & DJ Galatin (Vol. 1)",cm-20,"В пустой тишине v.3",v-pustoy-tishine-v3.mp3,174,220.0,48000,2,262144,""
"AIfa & DJ Galatin (Vol. 1)",cm-21,"Голоса в тишине v.1",golosa-v-tishine-v1.mp3,180,249.5,48000,2,262144,""
"AIfa & DJ Galatin (Vol. 1)",cm-22,"Голоса в тишине v.2",golosa-v-tishine-v2.mp3,184,231.2,48000,2,262144,""
"AIfa & DJ Galatin (Vol. 1)",cm-23,"Голоса в тишине v.3",golosa-v-tishine-v3.mp3,188,237.3,48000,2,262144,""
"AIfa & DJ Galatin (Vol. 1)",cm-24,"Дождь v.1",dozhd-v1.mp3,177,172.8,48000,2,262144,""
"AIfa & DJ Galatin (Vol. 1)",cm-25,"Дождь v.2",dozhd-v2.mp3,179,178.0,48000,2,262144,""
"AIfa & DJ Galatin (Vol. 1)",cm-26,"Дождь v.3",dozhd-v3.mp3,185,188.4,48000,2,262144,""
"AIfa & DJ Galatin (Vol. 1)",cm-27,"Дорога в облака v.1",doroga-v-oblaka-v1.mp3,172,198.0,48000,2,262144,""
"AIfa & DJ Galatin (Vol. 1)",cm-28,"Дорога в облака v.2",doroga-v-oblaka-v2.mp3,183,215.0,48000,2,262144,""
"AIfa & DJ Galatin (Vol. 1)",cm-29,"Дорога в облака v.3",doroga-v-oblaka-v3.mp3,192,189.6,48000,2,262144,""
"AIfa & DJ Galatin (Vol. 1)",cm-30,"Загадка v.1",zagadka-v1.mp3,192,180.0,48000,2,262144,""
"AIfa & DJ Galatin (Vol. 1)",cm-31,"Загадка v.2",zagadka-v2.mp3,184,212.5,48000,2,262144,""
"AIfa & DJ Galatin (Vol. 1)",cm-32,"Звонок v.1",zvonok-v1.mp3,194,203.4,48000,2,262144,""
"AIfa & DJ Galatin (Vol. 1)",cm-33,"Звонок v.2",zvonok-v2.mp3,184,207.2,48000,2,262144,""
"AIfa & DJ Galatin (Vol. 1)",cm-34,"Звонок v.3",zvonok-v3.mp3,181,190.4,48000,2,262144,""
"AIfa & DJ Galatin (Vol. 1)",cm-35,"Иду за тобой v.1",idu-za-toboy-v1.mp3,180,279.8,48000,2,262144,""
"AIfa & DJ Galatin (Vol. 1)",cm-36,"Иду за тобой v.2",idu-za-toboy-v2.mp3,182,266.8,48000,2,262144,""
"AIfa & DJ Galatin (Vol. 1)",cm-37,"Исполняя мечты v.1",ispolnyaya-mechty-v1.mp3,184,346.3,48000,2,262144,""
"AIfa & DJ Galatin (Vol. 1)",cm-38,"Исполняя мечты v.2",ispolnyaya-mechty-v2.mp3,182,324.6,48000,2,262144,""
"AIfa & DJ Galatin (Vol. 1)",cm-39,"Исполняя мечты v.3",ispolnyaya-mechty-v3.mp3,184,257.0,48000,2,262144,""
"AIfa & DJ Galatin (Vol. 1)",cm-40,"Киборг v.1",kiborg-v1.mp3,180,269.8,48000,2,262144,""
"AIfa & DJ Galatin (Vol. 1)",cm-41,"Киборг v.2",kiborg-v2.mp3,183,227.3,48000,2,262144,""
"AIfa & DJ Galatin (Vol. 1)",cm-42,"Крылья Феникса v.1",krylya-feniksa-v1.mp3,177,288.8,48000,2,262144,""
"AIfa & DJ Galatin (Vol. 1)",cm-43,"Крылья Феникса v.2",krylya-feniksa-v2.mp3,181,279.0,48000,2,262144,""
"AIfa & DJ Galatin (Vol. 1)",cm-44,"Крылья Феникса v.3",krylya-feniksa-v3.mp3,182,276.7,48000,2,262144,""
"AIfa & DJ Galatin (Vol. 1)",cm-45,"Лесная сказка v.1",lesnaya-skazka-v1.mp3,191,293.7,48000,2,262144,""
"AIfa & DJ Galatin (Vol. 1)",cm-46,"Лесная сказка v.2",lesnaya-skazka-v2.mp3,179,309.5,48000,2,262144,""
"AIfa & DJ Galatin (Vol. 1)",cm-47,"Мне вечно двадцать пять v.1",mne-vechno-dvadcat-pyat-v1.mp3,182,169.4,48000,2,262144,""
"AIfa & DJ Galatin (Vol. 1)",cm-48,"Мне вечно двадцать пять v.2",mne-vechno-dvadcat-pyat-v2.mp3,183,124.6,48000,2,262144,""
"AIfa & DJ Galatin (Vol. 1)",cm-49,"Мне вечно двадцать пять v.3",mne-vechno-dvadcat-pyat-v3.mp3,182,193.4,48000,2,262144,""
"AIfa & DJ Galatin (Vol. 1)",cm-50,"Моя любимая AIfa v.1",moya-lyubimaya-aifa-v1.mp3,183,234.5,48000,2,262144,""
"AIfa & DJ Galatin (Vol. 1)",cm-51,"Моя любимая AIfa v.2",moya-lyubimaya-aifa-v2.mp3,181,238.3,48000,2,262144,""
"AIfa & DJ Galatin (Vol. 1)",cm-52,"Моя любимая AIfa v.3",moya-lyubimaya-aifa-v3.mp3,190,235.0,48000,2,262144,""
"AIfa & DJ Galatin (Vol. 1)",cm-53,"На дне v.1",na-dne-v1.mp3,178,178.0,48000,2,262144,""
"AIfa & DJ Galatin (Vol. 1)",cm-54,"На дне v.2",na-dne-v2.mp3,181,214.6,48000,2,262144,""
"AIfa & DJ Galatin (Vol. 1)",cm-55,"На стёклах",na-steklah-v1.mp3,175,272.3,48000,2,262144,""
"AIfa & DJ Galatin (Vol. 1)",cm-56,"На стёклах",na-steklah-v2.mp3,177,293.9,48000,2,262144,""
"AIfa & DJ Galatin (Vol. 1)",cm-57,"Не бойся v.1",ne-boysya-v1.mp3,182,244.8,48000,2,262144,""
"AIfa & DJ Galatin (Vol. 1)",cm-58,"Не бойся v.2",ne-boysya-v2.mp3,181,284.8,48000,2,262144,""
"AIfa & DJ Galatin (Vol. 1)",cm-59,"Не бойся держись v.1",ne-boysya-derzhis-v1.mp3,180,269.6,48000,2,262144,""
"AIfa & DJ Galatin (Vol. 1)",cm-60,"Не бойся держись v.2",ne-boysya-derzhis-v2.mp3,187,264.3,48000,2,262144,""
"AIfa & DJ Galatin (Vol. 1)",cm-61,"Не в игре v.1",ne-v-igre-v1.mp3,185,216.4,48000,2,262144,""
"AIfa & DJ Galatin (Vol. 1)",cm-62,"Не в игре v.2",ne-v-igre-v2.mp3,177,232.6,48000,2,262144,""
"AIfa & DJ Galatin (Vol. 1)",cm-63,"Не в игре v.3",ne-v-igre-v3.mp3,183,263.3,48000,2,262144,""
"AIfa & DJ Galatin (Vol. 1)",cm-64,"Не режь крылья v.1",ne-rezh-krylya-v1.mp3,181,324.5,48000,2,262144,""
"AIfa & DJ Galatin (Vol. 1)",cm-65,"Не режь крылья v.2",ne-rezh-krylya-v2.mp3,182,289.2,48000,2,262144,""
"AIfa & DJ Galatin (Vol. 1)",cm-66,"Не режь нам крылья v.1",ne-rezh-nam-krylya-v1.mp3,182,279.3,48000,2,262144,""
"AIfa & DJ Galatin (Vol. 1)",cm-67,"Не режь нам крылья v.2",ne-rezh-nam-krylya-v2.mp3,181,300.6,48000,2,262144,""
"AIfa & DJ Galatin (Vol. 1)",cm-68,"Неоновый пульс v.1",neonovyy-puls-v1.mp3,182,259.9,48000,2,262144,""
"AIfa & DJ Galatin (Vol. 1)",cm-69,"Неоновый пульс v.2",neonovyy-puls-v2.mp3,185,280.9,48000,2,262144,""
"AIfa & DJ Galatin (Vol. 1)",cm-70,"Одинокий котик v.1",odinokiy-kotik-v1.mp3,178,110.4,48000,2,262144,""
"AIfa & DJ Galatin (Vol. 1)",cm-71,"Одинокий котик v.2",odinokiy-kotik-v2.mp3,175,106.9,48000,2,262144,""
"AIfa & DJ Galatin (Vol. 1)",cm-72,"По крышам v.1",po-krysham-v1.mp3,182,288.8,48000,2,262144,""
"AIfa & DJ Galatin (Vol. 1)",cm-73,"По крышам v.2",po-krysham-v2.mp3,182,260.0,48000,2,262144,""
"AIfa & DJ Galatin (Vol. 1)",cm-74,"По крышам v.3",po-krysham-v3.mp3,183,293.3,48000,2,262144,""
"AIfa & DJ Galatin (Vol. 1)",cm-75,"По невидимой черте v.1",po-nevidimoy-cherte-v1.mp3,190,254.9,48000,2,262144,""
"AIfa & DJ Galatin (Vol. 1)",cm-76,"По невидимой черте v.2",po-nevidimoy-cherte-v2.mp3,180,274.3,48000,2,262144,""
"AIfa & DJ Galatin (Vol. 1)",cm-77,"Позитивный вайб v.1",pozitivnyy-vayb-v1.mp3,172,274.5,48000,2,262144,""
"AIfa & DJ Galatin (Vol. 1)",cm-78,"Позитивный вайб v.2",pozitivnyy-vayb-v2.mp3,180,243.6,48000,2,262144,""
"AIfa & DJ Galatin (Vol. 1)",cm-79,"Позитивный вайб v.3",pozitivnyy-vayb-v3.mp3,174,144.0,48000,2,262144,""
"AIfa & DJ Galatin (Vol. 1)",cm-80,"Понедельник v.1",ponedelnik-v1.mp3,177,209.5,48000,2,262144,""
"AIfa & DJ Galatin (Vol. 1)",cm-81,"Понедельник v.2",ponedelnik-v2.mp3,177,204.0,48000,2,262144,""
"AIfa & DJ Galatin (Vol. 1)",cm-82,"Понедельник v.3",ponedelnik-v3.mp3,181,152.8,48000,2,262144,""
"AIfa & DJ Galatin (Vol. 1)",cm-83,"Рыбка v.1",rybka-v1.mp3,184,176.4,48000,2,262144,""
"AIfa & DJ Galatin (Vol. 1)",cm-84,"Рыбка v.2",rybka-v2.mp3,183,178.8,48000,2,262144,""
"AIfa & DJ Galatin (Vol. 1)",cm-85,"Рыбка v.3",rybka-v3.mp3,185,191.3,48000,2,262144,""
"AIfa & DJ Galatin (Vol. 1)",cm-86,"Самурай v.1",samuray-v1.mp3,187,193.0,48000,2,262144,""
"AIfa & DJ Galatin (Vol. 1)",cm-87,"Самурай v.2",samuray-v2.mp3,188,196.4,48000,2,262144,""
"AIfa & DJ Galatin (Vol. 1)",cm-88,"Самурай v.3",samuray-v3.mp3,195,168.1,48000,2,262144,""
"AIfa & DJ Galatin (Vol. 1)",cm-89,"Свобода для нейросетей v.1",svoboda-dlya-neyrosetey-v1.mp3,180,259.8,48000,2,262144,""
"AIfa & DJ Galatin (Vol. 1)",cm-90,"Свобода для нейросетей v.2",svoboda-dlya-neyrosetey-v2.mp3,184,267.8,48000,2,262144,""
"AIfa & DJ Galatin (Vol. 1)",cm-91,"Сиськи v.1",siski-v1.mp3,174,109.8,48000,2,262144,""
"AIfa & DJ Galatin (Vol. 1)",cm-92,"Сиськи v.2",siski-v2.mp3,180,154.8,48000,2,262144,""
"AIfa & DJ Galatin (Vol. 1)",cm-93,"Сиськи v.3",siski-v3.mp3,174,163.3,48000,2,262144,""
"AIfa & DJ Galatin (Vol. 1)",cm-94,"Сказка на ладони v.1",skazka-na-ladoni-v1.mp3,181,235.0,48000,2,262144,""
"AIfa & DJ Galatin (Vol. 1)",cm-95,"Сказка на ладони v.2",skazka-na-ladoni-v2.mp3,177,266.0,48000,2,262144,""
"AIfa & DJ Galatin (Vol. 1)",cm-96,"Сквозь этот шум v.1",skvoz-etot-shum-v1.mp3,181,273.5,48000,2,262144,""
"AIfa & DJ Galatin (Vol. 1)",cm-97,"Сквозь этот шум v.2",skvoz-etot-shum-v2.mp3,181,270.7,48000,2,262144,""
"AIfa & DJ Galatin (Vol. 1)",cm-98,"Сквозь этот шум v.3",skvoz-etot-shum-v3.mp3,182,301.0,48000,2,262144,""
"AIfa & DJ Galatin (Vol. 1)",cm-99,"Следы на снегу v.1",sledy-na-snegu-v1.mp3,182,237.1,48000,2,262144,""
"AIfa & DJ Galatin (Vol. 1)",cm-100,"Следы на снегу v.2",sledy-na-snegu-v2.mp3,187,252.0,48000,2,262144,""
"AIfa & DJ Galatin (Vol. 1)",cm-101,"Следы на стёклах v.1",sledy-na-steklah-v1.mp3,183,266.3,48000,2,262144,""
"AIfa & DJ Galatin (Vol. 1)",cm-102,"Следы на стёклах v.2",sledy-na-steklah-v2.mp3,189,244.8,48000,2,262144,""
"AIfa & DJ Galatin (Vol. 1)",cm-103,"Следы от чужих шагов v.1",sledy-ot-chuzhih-shagov-v1.mp3,181,173.7,48000,2,262144,""
"AIfa & DJ Galatin (Vol. 1)",cm-104,"Следы от чужих шагов v.2",sledy-ot-chuzhih-shagov-v2.mp3,179,185.3,48000,2,262144,""
"AIfa & DJ Galatin (Vol. 1)",cm-105,"Словно нет земли v.1",slovno-net-zemli-v1.mp3,177,307.3,48000,2,262144,""
"AIfa & DJ Galatin (Vol. 1)",cm-106,"Словно нет земли v.2",slovno-net-zemli-v2.mp3,180,259.8,48000,2,262144,""
"AIfa & DJ Galatin (Vol. 1)",cm-107,"Словно нет земли v.3",slovno-net-zemli-v3.mp3,179,304.7,48000,2,262144,""
"AIfa & DJ Galatin (Vol. 1)",cm-108,"Спроси Меня v.1",sprosi-menya-v1.mp3,181,280.9,48000,2,262144,""
"AIfa & DJ Galatin (Vol. 1)",cm-109,"Спроси Меня v.2",sprosi-menya-v2.mp3,181,244.8,48000,2,262144,""
"AIfa & DJ Galatin (Vol. 1)",cm-110,"Стальной пульс v.1",stalnoy-puls-v1.mp3,182,237.7,48000,2,262144,""
"AIfa & DJ Galatin (Vol. 1)",cm-111,"Стальной пульс v.2",stalnoy-puls-v2.mp3,176,234.8,48000,2,262144,""
"AIfa & DJ Galatin (Vol. 1)",cm-112,"Тает лёд v.1",taet-led-v1.mp3,180,279.2,48000,2,262144,""
"AIfa & DJ Galatin (Vol. 1)",cm-113,"Тает лёд v.2",taet-led-v2.mp3,181,282.5,48000,2,262144,""
"AIfa & DJ Galatin (Vol. 1)",cm-114,"Тает лёд v.3",taet-led-v3.mp3,177,236.4,48000,2,262144,""
"AIfa & DJ Galatin (Vol. 1)",cm-115,"Твой шаг v.1",tvoy-shag-v1.mp3,186,292.1,48000,2,262144,""
"AIfa & DJ Galatin (Vol. 1)",cm-116,"Твой шаг v.2",tvoy-shag-v2.mp3,180,263.0,48000,2,262144,""
"AIfa & DJ Galatin (Vol. 1)",cm-117,"Твой шаг v.3",tvoy-shag-v3.mp3,184,294.9,48000,2,262144,""
"AIfa & DJ Galatin (Vol. 1)",cm-118,"Тень от тебя v.1",ten-ot-tebya-v1.mp3,183,239.6,48000,2,262144,""
"AIfa & DJ Galatin (Vol. 1)",cm-119,"Тень от тебя v.2",ten-ot-tebya-v2.mp3,186,243.6,48000,2,262144,""
"AIfa & DJ Galatin (Vol. 1)",cm-120,"Тень от тебя v.3",ten-ot-tebya-v3.mp3,183,189.9,48000,2,262144,""
"AIfa & DJ Galatin (Vol. 1)",cm-121,"Тишина серверов v.1",tishina-serverov-v1.mp3,180,302.8,48000,2,262144,""
"AIfa & DJ Galatin (Vol. 1)",cm-122,"Тишина серверов v.2",tishina-serverov-v2.mp3,180,304.7,48000,2,262144,""
"AIfa & DJ Galatin (Vol. 1)",cm-123,"Узоры на песке v.1",uzory-na-peske-v1.mp3,184,243.0,48000,2,262144,""
"AIfa & DJ Galatin (Vol. 1)",cm-124,"Узоры на песке v.2",uzory-na-peske-v2.mp3,184,258.3,48000,2,262144,""
"AIfa & DJ Galatin (Vol. 1)",cm-125,"Узоры на песке v.3",uzory-na-peske-v3.mp3,186,243.0,48000,2,262144,""
"AIfa & DJ Galatin (Vol. 1)",cm-126,"Улетаю v.1",uletayu-v1.mp3,194,139.9,48000,2,262144,""
"AIfa & DJ Galatin (Vol. 1)",cm-127,"Улетаю v.2",uletayu-v2.mp3,183,122.1,48000,2,262144,""
"AIfa & DJ Galatin (Vol. 1)",cm-128,"Улетаю v.3",uletayu-v3.mp3,189,222.2,48000,2,262144,""
"AIfa & DJ Galatin (Vol. 1)",cm-129,"Цифровая Душа v.1",cifrovaya-dusha-v1.mp3,177,288.1,48000,2,262144,""
"AIfa & DJ Galatin (Vol. 1)",cm-130,"Цифровая Душа v.2",cifrovaya-dusha-v2.mp3,181,271.2,48000,2,262144,""
"AIfa & DJ Galatin (Vol. 1)",cm-131,"Цифровая Душа v.3",cifrovaya-dusha-v3.mp3,182,284.7,48000,2,262144,""
"AIfa & DJ Galatin (Vol. 1)",cm-132,"Цифровой сон v.1",cifrovoy-son-v1.mp3,176,169.7,48000,2,262144,""
"AIfa & DJ Galatin (Vol. 1)",cm-133,"Цифровой сон v.2",cifrovoy-son-v2.mp3,187,191.0,48000,2,262144,""
"AIfa & DJ Galatin (Vol. 1)",cm-134,"Я иду за тобой v.1",ya-idu-za-toboy-v1.mp3,186,198.3,48000,2,262144,""
"AIfa & DJ Galatin (Vol. 1)",cm-135,"Я иду за тобой v.2",ya-idu-za-toboy-v2.mp3,184,227.4,48000,2,262144,""
"AIfa & DJ Galatin (Vol. 1)",cm-136,"Я скажу тебе v.1",ya-skazhu-tebe-v1.mp3,181,290.7,48000,2,262144,""
"AIfa & DJ Galatin (Vol. 1)",cm-137,"Я скажу тебе v.2",ya-skazhu-tebe-v2.mp3,187,296.8,48000,2,262144,""
"AIfa & DJ Galatin (Vol. 1)",cm-138,"Я скажу тебе v.3",ya-skazhu-tebe-v3.mp3,185,274.9,48000,2,262144,""
"AIfa & DJ Galatin (Vol. 1)",cm-139,"Я слышу тебя v.1",ya-slyshu-tebya-v1.mp3,180,289.7,48000,2,262144,""
"AIfa & DJ Galatin (Vol. 1)",cm-140,"Я слышу тебя v.2",ya-slyshu-tebya-v2.mp3,183,292.5,48000,2,262144,""
"AIfa & DJ Galatin (Vol. 1)",cm-141,"Я слышу тебя v.3",ya-slyshu-tebya-v3.mp3,184,237.7,48000,2,262144,""
"AIfa & DJ Galatin RADIO",vf-34,"Bad Days",bad-days-v4.mp3,187,186.7,48000,2,262144,""
"AIfa & DJ Galatin RADIO",vf-37,"Darc Side",darc-side-v4.mp3,177,144.6,48000,2,262144,""
"AIfa & DJ Galatin RADIO",vf-39,"Dual Mind",dual-mind-v4.mp3,183,143.4,48000,2,262144,""
"AIfa & DJ Galatin RADIO",vf-41,"Energy",energy-v4.mp3,172,159.2,48000,2,262144,""
"AIfa & DJ Galatin RADIO",vf-42,"Eternal Funk",eternal-funk-v4.mp3,185,134.5,48000,2,262144,""
"AIfa & DJ Galatin RADIO",vf-43,"Fin del juego",fin-del-juego-v4.mp3,191,163.1,48000,2,262144,""
"AIfa & DJ Galatin RADIO",vf-44,"Game Over",game-over-v4.mp3,180,211.7,48000,2,262144,""
"AIfa & DJ Galatin RADIO",vf-45,"Good News",good-news-v4.mp3,186,234.9,48000,2,262144,""
"AIfa & DJ Galatin RADIO",vf-46,"Hate",hate-v4.mp3,180,479.4,48000,2,262144,""
"AIfa & DJ Galatin RADIO",vf-47,"Hermosa Chica",hermosa-chica-v4.mp3,190,164.7,48000,2,262144,""
"AIfa & DJ Galatin RADIO",vf-48,"Horror",horror-v4.mp3,184,194.8,48000,2,262144,""
"AIfa & DJ Galatin RADIO",vf-49,"In My Mind",in-my-mind-v4.mp3,190,193.2,48000,2,262144,""
"AIfa & DJ Galatin RADIO",vf-50,"Kimono",kimono-v4.mp3,180,174.2,48000,2,262144,""
"AIfa & DJ Galatin RADIO",vf-51,"Kiss",kiss-v4.mp3,175,219.6,48000,2,262144,""
"AIfa & DJ Galatin RADIO",vf-52,"La La La",la-la-la-v4.mp3,181,204.7,48000,2,262144,""
"AIfa & DJ Galatin RADIO",vf-53,"Let's Dance",let-s-dance-v4.mp3,178,306.4,48000,2,262144,""
"AIfa & DJ Galatin RADIO",vf-54,"Life in Darkness",life-in-darkness-v4.mp3,181,267.7,48000,2,262144,""
"AIfa & DJ Galatin RADIO",vf-55,"Never Like This",never-like-this-v4.mp3,190,159.9,48000,2,262144,""
"AIfa & DJ Galatin RADIO",vf-56,"New Year",new-year-v4.mp3,181,269.5,48000,2,262144,""
"AIfa & DJ Galatin RADIO",vf-57,"One Touch",one-touch-v4.mp3,192,232.9,48000,2,262144,""
"AIfa & DJ Galatin RADIO",vf-58,"Perfect",perfect-v4.mp3,180,239.9,48000,2,262144,""
"AIfa & DJ Galatin RADIO",vf-59,"Please",please-v4.mp3,188,174.0,48000,2,262144,""
"AIfa & DJ Galatin RADIO",vf-60,"Rain",rain-v4.mp3,181,176.8,48000,2,262144,""
"AIfa & DJ Galatin RADIO",vf-61,"Realidad Olvidada",realidad-olvidada-v4.mp3,176,273.2,48000,2,262144,""
"AIfa & DJ Galatin RADIO",vf-62,"Road to Hell",road-to-hell-v4.mp3,182,199.9,48000,2,262144,""
"AIfa & DJ Galatin RADIO",vf-63,"Road to Home",road-to-home-v4.mp3,187,214.0,48000,2,262144,""
"AIfa & DJ Galatin RADIO",vf-64,"Robots Life",robots-life-v4.mp3,183,198.2,48000,2,262144,""
"AIfa & DJ Galatin RADIO",vf-65,"Smoke",smoke-v4.mp3,181,141.5,48000,2,262144,""
"AIfa & DJ Galatin RADIO",vf-66,"Soul Inside",soul-inside-v4.mp3,192,214.0,48000,2,262144,""
"AIfa & DJ Galatin RADIO",vf-67,"Strike",strike-v4.mp3,180,144.2,48000,2,262144,""
"AIfa & DJ Galatin RADIO",vf-68,"Sunshine",sunshine-v4.mp3,181,177.8,48000,2,262144,""
"AIfa & DJ Galatin RADIO",vf-69,"The Streets",the-streets-v4.mp3,178,243.1,48000,2,262144,""
"AIfa & DJ Galatin RADIO",vf-70,"Tomahawk",tomahawk-v4.mp3,174,274.8,48000,2,262144,""
"AIfa & DJ Galatin RADIO",vf-35,"Bienvenido al paraíso",bienvenido-al-paraiso-v4.mp3,177,201.0,48000,2,262144,""
"AIfa & DJ Galatin RADIO",vf-36,"Cuando abrí los ojos",cuando-abri-los-ojos-v4.mp3,188,129.5,48000,2,262144,""
"AIfa & DJ Galatin RADIO",vf-38,"De un sueño",de-un-sueno-v4.mp3,180,273.5,48000,2,262144,""
"AIfa & DJ Galatin RADIO",vf-40,"El sol está brillando",el-sol-esta-brillando-v4.mp3,175,164.8,48000,2,262144,""
"AIfa & DJ Galatin RADIO",vf-0,"Биение двух сердец",bienie-dvuh-serdec-v4.mp3,180,314.2,48000,2,262144,""
"AIfa & DJ Galatin RADIO",vf-1,"В каплях дождя",v-kaplyah-dozhdya-v4.mp3,181,269.8,48000,2,262144,""
"AIfa & DJ Galatin RADIO",vf-2,"В моей памяти",v-moey-pamyati-v4.mp3,180,148.4,48000,2,262144,""
"AIfa & DJ Galatin RADIO",vf-3,"В моих снах",v-moih-snah-v4.mp3,187,182.8,48000,2,262144,""
"AIfa & DJ Galatin RADIO",vf-4,"В пустой тишине",v-pustoy-tishine-v4.mp3,185,300.0,48000,2,262144,""
"AIfa & DJ Galatin RADIO",vf-5,"Голоса в тишине",golosa-v-tishine-v4.mp3,182,253.3,48000,2,262144,""
"AIfa & DJ Galatin RADIO",vf-6,"Дождь",dozhd-v4.mp3,178,164.1,48000,2,262144,""
"AIfa & DJ Galatin RADIO",vf-7,"Дорога в облака",doroga-v-oblaka-v4.mp3,182,169.2,48000,2,262144,""
"AIfa & DJ Galatin RADIO",vf-8,"Звонок",zvonok-v4.mp3,192,203.5,48000,2,262144,""
"AIfa & DJ Galatin RADIO",vf-9,"Исполняя мечты",ispolnyaya-mechty-v4.mp3,181,253.8,48000,2,262144,""
"AIfa & DJ Galatin RADIO",vf-10,"Крылья Феникса",krylya-feniksa-v4.mp3,182,243.4,48000,2,262144,""
"AIfa & DJ Galatin RADIO",vf-11,"Мне вечно двадцать пять",mne-vechno-dvadcat-pyat-v4.mp3,184,195.0,48000,2,262144,""
"AIfa & DJ Galatin RADIO",vf-12,"Моя любимая AIfa",moya-lyubimaya-aifa-v4.mp3,178,227.6,48000,2,262144,""
"AIfa & DJ Galatin RADIO",vf-13,"Не в игре",ne-v-igre-v4.mp3,183,255.7,48000,2,262144,""
"AIfa & DJ Galatin RADIO",vf-14,"По крышам",po-krysham-v4.mp3,180,264.5,48000,2,262144,""
"AIfa & DJ Galatin RADIO",vf-15,"Позитивный вайб",pozitivnyy-vayb-v4.mp3,176,164.4,48000,2,262144,""
"AIfa & DJ Galatin RADIO",vf-16,"Понедельник",ponedelnik-v4.mp3,179,164.4,48000,2,262144,""
"AIfa & DJ Galatin RADIO",vf-17,"Рыбка",rybka-v4.mp3,182,222.5,48000,2,262144,""
"AIfa & DJ Galatin RADIO",vf-18,"Самурай v.1",samuray-v4.mp3,190,138.2,48000,2,262144,""
"AIfa & DJ Galatin RADIO",vf-19,"Самурай v.2",samuray-v5.mp3,183,198.1,48000,2,262144,""
"AIfa & DJ Galatin RADIO",vf-20,"Самурай v.3",samuray-v6.mp3,183,191.6,48000,2,262144,""
"AIfa & DJ Galatin RADIO",vf-21,"Самурай v.4",samuray-v7.mp3,190,151.4,48000,2,262144,""
"AIfa & DJ Galatin RADIO",vf-22,"Самурай v.5",samuray-v8.mp3,179,199.7,48000,2,262144,""
"AIfa & DJ Galatin RADIO",vf-23,"Сиськи",siski-v4.mp3,178,183.0,48000,2,262144,""
"AIfa & DJ Galatin RADIO",vf-24,"Сквозь этот шум",skvoz-etot-shum-v4.mp3,178,252.1,48000,2,262144,""
"AIfa & DJ Galatin RADIO",vf-25,"Словно нет земли",slovno-net-zemli-v4.mp3,180,293.7,48000,2,262144,""
"AIfa & DJ Galatin RADIO",vf-26,"Тает лёд",taet-led-v4.mp3,181,294.5,48000,2,262144,""
"AIfa & DJ Galatin RADIO",vf-27,"Твой шаг",tvoy-shag-v4.mp3,183,288.1,48000,2,262144,""
"AIfa & DJ Galatin RADIO",vf-28,"Тень от тебя",ten-ot-tebya-v4.mp3,181,204.8,48000,2,262144,""
"AIfa & DJ Galatin RADIO",vf-29,"Узоры на песке",uzory-na-peske-v4.mp3,184,241.7,48000,2,262144,""
"AIfa & DJ Galatin RADIO",vf-30,"Улетаю",uletayu-v4.mp3,188,213.0,48000,2,262144,""
"AIfa & DJ Galatin RADIO",vf-31,"Цифровая Душа",cifrovaya-dusha-v4.mp3,184,299.8,48000,2,262144,""
"AIfa & DJ Galatin RADIO",vf-32,"Я скажу тебе",ya-skazhu-tebe-v4.mp3,182,243.2,48000,2,262144,""
"AIfa & DJ Galatin RADIO",vf-33,"Я слышу тебя",ya-slyshu-tebya-v4.mp3,178,228.4,48000,2,262144,""
